
	{

        "2017":{
                "January":[
                {
                    "data1":0.00263,
										"data2":0.037688
                }
                ],
                 "February":[
                {
                    "data1":0.0000043,
										"data2":0.0000062
                }
                ],
                "March":[
                {
                    "data1":0.0000054,
										"data2":0.0000077
                }
                ],
                "April":[
                {
                    "data1":0.0000046,
										"data2":0.0000066
                }
                ],
                "May":[
                {
                    "data1":0.0000046,
										"data2":0.0000066
                }
                ]        }

	}
